timestamp,device,lat,lon,alt,heading,speed,fix_mode,satellites_used,satellites_visible,hdop,vdop,pdop,eph,epv
2025-03-17 10:05:48,rover,34.151996333,-77.866807,0,0.0,0.003,RTK_FLOAT,44,56,0.49,0.91,1.03,9.31,20.93
2025-03-17 10:05:49,rover,34.151996333,-77.866807,0,0.0,0.003,RTK_FLOAT,52,68,0.49,0.91,1.03,9.31,20.93
2025-03-17 10:05:50,rover,34.1519961,-77.8668073,0,0.0,0.008,RTK_FLOAT,0,0,0.0,0.0,0.0,1.011,1.685
2025-03-17 10:05:51,rover,34.151996,-77.8668075,0,0.0,0.013,RTK_FLOAT,27,40,0.46,0.87,0.99,1.043,1.738
2025-03-17 10:05:51,base,34.1519918,-77.8668219,0,0.0,0.006,3D FIX,0,0,0.0,0.0,0.0,1.005,1.674
2025-03-17 10:05:52,rover,34.1519958,-77.8668079,0,0.0,0.011,RTK_FLOAT,0,0,0.0,0.0,0.0,1.041,1.735
2025-03-17 10:05:52,base,34.1519918,-77.8668219,0,0.0,0.006,3D FIX,0,0,0.45,0.81,0.92,1.005,1.674
2025-03-17 10:05:53,rover,34.1519957,-77.8668079,0,0.0,0.011,RTK_FLOAT,0,0,0.0,0.0,0.0,1.068,1.781
2025-03-17 10:05:53,base,34.1519916,-77.8668218,0,0.0,0.001,3D FIX,0,0,0.0,0.0,0.0,1.003,1.673
2025-03-17 10:05:54,rover,34.1519957,-77.8668079,0,0.0,0.008,RTK_FLOAT,0,0,0.0,0.0,0.0,1.071,1.785
2025-03-17 10:05:54,base,34.1519916,-77.8668217,0,0.0,0.006,3D FIX,30,40,0.45,0.84,0.96,1.002,1.671
2025-03-17 10:05:55,rover,34.1519957,-77.8668079,0,0.0,0.012,RTK_FLOAT,0,0,0.0,0.0,0.0,1.079,1.799
2025-03-17 10:05:55,base,34.1519916,-77.8668216,0,0.0,0.007,3D FIX,30,40,0.45,0.84,0.96,1.001,1.669
2025-03-17 10:05:56,rover,34.1519956,-77.8668078,0,0.0,0.009,RTK_FLOAT,0,0,0.0,0.0,0.0,1.081,1.803
2025-03-17 10:05:56,base,34.1519916,-77.8668214,0,0.0,0.011,3D FIX,30,40,0.45,0.84,0.96,0.999,1.667
2025-03-17 10:05:57,rover,34.1519955,-77.8668076,0,0.0,0.011,RTK_FLOAT,0,0,0.0,0.0,0.0,1.068,1.781
2025-03-17 10:05:57,base,34.1519916,-77.8668212,0,0.0,0.005,3D FIX,29,40,0.47,0.87,0.98,0.998,1.665
2025-03-17 10:05:58,rover,34.1519956,-77.8668075,0,0.0,0.001,RTK_FLOAT,0,0,0.0,0.0,0.0,1.013,1.689
2025-03-17 10:05:58,base,34.1519916,-77.8668209,0,0.0,0.006,3D FIX,30,40,0.45,0.84,0.95,0.996,1.662
2025-03-17 10:05:59,rover,34.1519957,-77.8668078,0,0.0,0.003,RTK_FLOAT,0,0,0.0,0.0,0.0,0.998,1.665
2025-03-17 10:05:59,base,34.1519916,-77.8668208,0,0.0,0.003,3D FIX,30,40,0.45,0.84,0.95,0.995,1.659
2025-03-17 10:06:00,rover,34.1519957,-77.8668077,0,0.0,0.005,RTK_FLOAT,0,0,0.0,0.0,0.0,0.997,1.662
2025-03-17 10:06:00,base,34.1519916,-77.8668208,0,0.0,0.003,3D FIX,29,40,0.47,0.87,0.98,0.995,1.659
2025-03-17 10:06:01,rover,34.1519957,-77.8668079,0,0.0,0.003,RTK_FLOAT,0,0,0.0,0.0,0.0,0.995,1.66
2025-03-17 10:06:01,base,34.1519915,-77.8668203,0,0.0,0.012,3D FIX,29,40,0.47,0.87,0.98,0.991,1.653
2025-03-17 10:06:02,rover,34.1519957,-77.8668075,0,0.0,0.008,RTK_FLOAT,0,0,0.0,0.0,0.0,0.991,1.653
2025-03-17 10:06:02,base,34.1519915,-77.8668203,0,0.0,0.012,3D FIX,30,41,0.45,0.84,0.95,0.991,1.653
2025-03-17 10:06:03,rover,34.1519987,-77.8668162,0,0.0,0.003,RTK_FIX,0,0,0.0,0.0,0.0,1.095,1.827
2025-03-17 10:06:03,base,34.1519915,-77.8668198,0,0.0,0.002,3D FIX,30,41,0.45,0.84,0.95,0.987,1.647
2025-03-17 10:06:04,rover,34.1519987,-77.8668157,0,0.0,0.005,RTK_FIX,0,0,0.0,0.0,0.0,1.263,2.107
2025-03-17 10:06:04,base,34.1519915,-77.8668196,0,0.0,0.002,3D FIX,30,41,0.45,0.84,0.95,0.985,1.643
2025-03-17 10:06:05,rover,34.1519987,-77.8668157,0,0.0,0.002,RTK_FIX,0,0,0.0,0.0,0.0,1.243,2.073
2025-03-17 10:06:05,base,34.1519915,-77.8668194,0,0.0,0.003,3D FIX,29,41,0.47,0.86,0.98,0.982,1.639
2025-03-17 10:06:06,rover,34.1519987,-77.8668153,0,0.0,0.002,RTK_FIX,0,0,0.0,0.0,0.0,1.268,2.116
2025-03-17 10:06:06,base,34.1519915,-77.8668193,0,0.0,0.002,3D FIX,29,41,0.47,0.86,0.98,0.98,1.635
2025-03-17 10:06:07,rover,34.1519983,-77.8668156,0,207.7139,0.134,RTK_FIX,0,0,0.0,0.0,0.0,1.4,2.335
2025-03-17 10:06:07,base,34.1519908,-77.8668195,0,198.9153,0.131,3D FIX,0,0,0.0,0.0,0.0,0.978,1.632
2025-03-17 10:06:08,rover,34.1519965,-77.8668165,0,207.4988,0.215,RTK_FIX,0,0,0.0,0.0,0.0,1.847,3.082
2025-03-17 10:06:08,base,34.1519893,-77.8668204,0,211.1271,0.217,3D FIX,28,40,0.49,0.88,1.0,0.979,1.633
2025-03-17 10:06:09,rover,34.1519943,-77.8668177,0,211.117,0.263,RTK_FIX,0,0,0.0,0.0,0.0,1.706,2.847
2025-03-17 10:06:09,base,34.1519874,-77.8668213,0,204.4303,0.245,3D FIX,30,40,0.45,0.85,0.96,0.982,1.636
2025-03-17 10:06:10,rover,34.1519922,-77.8668193,0,204.0715,0.289,RTK_FIX,0,0,0.0,0.0,0.0,1.674,2.791
2025-03-17 10:06:10,base,34.151985,-77.8668223,0,199.7768,0.305,3D FIX,30,40,0.45,0.83,0.94,0.984,1.638
2025-03-17 10:06:11,rover,34.1519892,-77.8668209,0,207.8479,0.384,RTK_FIX,0,0,0.0,0.0,0.0,2.438,4.062
2025-03-17 10:06:11,base,34.1519823,-77.8668235,0,204.18,0.344,3D FIX,30,40,0.45,0.86,0.97,0.985,1.64
2025-03-17 10:06:12,rover,34.1519863,-77.866822,0,199.9066,0.351,RTK_FIX,0,0,0.0,0.0,0.0,2.166,3.605
2025-03-17 10:06:12,base,34.1519795,-77.8668245,0,196.9694,0.336,3D FIX,0,0,0.0,0.0,0.0,0.987,1.641
2025-03-17 10:06:13,rover,34.1519832,-77.8668236,0,208.1913,0.447,RTK_FIX,0,0,0.0,0.0,0.0,2.023,3.368
2025-03-17 10:06:13,base,34.1519758,-77.8668258,0,196.4263,0.452,3D FIX,30,44,0.45,0.85,0.96,0.986,1.637
2025-03-17 10:06:14,rover,34.1519786,-77.8668255,0,200.1757,0.562,RTK_FIX,0,0,0.0,0.0,0.0,2.13,3.542
2025-03-17 10:06:14,base,34.1519713,-77.8668259,0,179.9012,0.536,3D FIX,30,44,0.45,0.85,0.96,0.983,1.633
2025-03-17 10:06:15,rover,34.1519786,-77.8668252,0,202.1715,0.01,RTK_FIX,0,0,0.0,0.0,0.0,1.858,3.085
2025-03-17 10:06:15,base,34.15197,-77.8668256,0,186.5961,0.005,3D FIX,30,44,0.45,0.86,0.97,0.98,1.628
2025-03-17 10:06:16,rover,34.1519788,-77.8668248,0,202.1715,0.002,RTK_FIX,0,0,0.0,0.0,0.0,1.599,2.656
2025-03-17 10:06:16,base,34.1519701,-77.8668255,0,186.5961,0.001,3D FIX,30,44,0.45,0.87,0.98,0.977,1.626
2025-03-17 10:06:17,rover,34.1519775,-77.8668245,0,202.1715,0.002,RTK_FIX,0,0,0.0,0.0,0.0,1.468,2.44
2025-03-17 10:06:17,base,34.1519701,-77.8668253,0,186.5961,0.002,3D FIX,30,44,0.45,0.87,0.98,0.975,1.623
2025-03-17 10:06:18,rover,34.1519783,-77.866824,0,13.9285,0.17,RTK_FIX,0,0,0.0,0.0,0.0,1.46,2.428
2025-03-17 10:06:18,base,34.1519712,-77.8668248,0,9.1255,0.15,3D FIX,29,41,0.47,0.88,1.0,0.974,1.622
2025-03-17 10:06:19,rover,34.1519802,-77.8668234,0,12.0568,0.206,RTK_FIX,0,0,0.0,0.0,0.0,1.461,2.431
2025-03-17 10:06:19,base,34.1519729,-77.8668239,0,13.9741,0.221,3D FIX,30,41,0.45,0.87,0.98,0.973,1.622
2025-03-17 10:06:20,rover,34.1519821,-77.8668229,0,305.9002,0.08,RTK_FIX,0,0,0.0,0.0,0.0,2.081,3.467
2025-03-17 10:06:20,base,34.1519739,-77.866823,0,64.2592,0.056,3D FIX,30,40,0.45,0.87,0.98,0.971,1.621
2025-03-17 10:06:21,rover,34.1519833,-77.8668223,0,10.2443,0.191,RTK_FIX,0,0,0.0,0.0,0.0,2.196,3.661
2025-03-17 10:06:21,base,34.1519753,-77.8668225,0,2.2738,0.182,3D FIX,30,40,0.45,0.87,0.98,0.968,1.619
2025-03-17 10:06:22,rover,34.1519853,-77.8668216,0,5.0439,0.306,RTK_FIX,0,0,0.0,0.0,0.0,2.285,3.816
2025-03-17 10:06:22,base,34.1519776,-77.866822,0,4.0215,0.263,3D FIX,30,40,0.45,0.87,0.98,0.966,1.616
2025-03-17 10:06:23,rover,34.151988,-77.8668206,0,7.2641,0.255,RTK_FIX,0,0,0.0,0.0,0.0,2.078,3.476
2025-03-17 10:06:23,base,34.1519798,-77.8668215,0,5.2936,0.237,3D FIX,30,44,0.45,0.86,0.97,0.966,1.616
2025-03-17 10:06:24,rover,34.1519897,-77.8668207,0,12.6012,0.381,RTK_FIX,0,0,0.0,0.0,0.0,1.887,3.159
2025-03-17 10:06:24,base,34.1519825,-77.8668212,0,1.8276,0.331,3D FIX,29,44,0.46,0.87,0.99,0.965,1.616
2025-03-17 10:06:25,rover,34.1519934,-77.8668205,0,3.988,0.322,RTK_FIX,0,0,0.0,0.0,0.0,2.085,3.491
2025-03-17 10:06:25,base,34.1519855,-77.8668208,0,1.4632,0.312,3D FIX,29,44,0.47,0.87,0.99,0.963,1.616
2025-03-17 10:06:26,rover,34.1519953,-77.866821,0,2.851,0.267,RTK_FIX,0,0,0.0,0.0,0.0,1.966,3.293
2025-03-17 10:06:26,base,34.1519882,-77.8668207,0,353.8045,0.268,3D FIX,30,44,0.45,0.83,0.94,0.964,1.621
2025-03-17 10:06:27,rover,34.151997,-77.8668211,0,348.4147,0.122,RTK_FIX,0,0,0.0,0.0,0.0,1.722,2.89
2025-03-17 10:06:27,base,34.1519895,-77.8668204,0,16.7892,0.124,3D FIX,30,44,0.45,0.83,0.94,0.965,1.625
2025-03-17 10:06:28,rover,34.1520006,-77.8668212,0,1.4211,0.289,RTK_FIX,0,0,0.0,0.0,0.0,1.996,3.356
2025-03-17 10:06:28,base,34.1519915,-77.8668202,0,359.9793,0.296,3D FIX,30,44,0.45,0.83,0.94,0.968,1.631
2025-03-17 10:06:29,rover,34.152003,-77.8668212,0,357.0582,0.329,RTK_FIX,0,0,0.0,0.0,0.0,1.835,3.089
2025-03-17 10:06:29,base,34.1519944,-77.8668201,0,358.8637,0.336,3D FIX,30,43,0.45,0.87,0.98,0.968,1.632
2025-03-17 10:06:30,rover,34.1520052,-77.8668209,0,358.5518,0.293,RTK_FIX,0,0,0.0,0.0,0.0,2.022,3.408
2025-03-17 10:06:30,base,34.1519968,-77.8668199,0,3.749,0.246,3D FIX,30,42,0.45,0.87,0.98,0.966,1.628
2025-03-17 10:06:31,rover,34.1520078,-77.8668205,0,357.4003,0.287,RTK_FIX,0,0,0.0,0.0,0.0,1.894,3.194
2025-03-17 10:06:31,base,34.1519995,-77.8668196,0,359.8612,0.309,3D FIX,30,42,0.45,0.84,0.95,0.964,1.623
2025-03-17 10:06:32,rover,34.1520105,-77.8668204,0,359.9038,0.337,RTK_FIX,0,0,0.0,0.0,0.0,1.827,3.079
2025-03-17 10:06:32,base,34.1520027,-77.8668196,0,357.2546,0.355,3D FIX,30,40,0.45,0.86,0.97,0.962,1.621
2025-03-17 10:06:33,rover,34.1520135,-77.8668199,0,357.3162,0.303,RTK_FIX,0,0,0.0,0.0,0.0,1.897,3.196
2025-03-17 10:06:33,base,34.1520027,-77.8668196,0,357.2546,0.355,3D FIX,30,40,0.45,0.86,0.97,0.962,1.621
2025-03-17 10:06:34,rover,34.1520165,-77.8668199,0,357.5106,0.283,RTK_FIX,0,0,0.0,0.0,0.0,1.778,2.999
2025-03-17 10:06:34,base,34.1520088,-77.8668192,0,357.7182,0.3,3D FIX,30,41,0.45,0.86,0.98,0.958,1.619
2025-03-17 10:06:35,rover,34.1520188,-77.86682,0,329.374,0.139,RTK_FIX,0,0,0.0,0.0,0.0,1.931,3.264
2025-03-17 10:06:35,base,34.1520107,-77.8668187,0,19.5129,0.147,3D FIX,30,40,0.45,0.87,0.98,0.955,1.614
2025-03-17 10:06:36,rover,34.1520199,-77.8668208,0,326.9916,0.118,RTK_FIX,0,0,0.0,0.0,0.0,1.861,3.145
2025-03-17 10:06:36,base,34.152012,-77.8668181,0,11.066,0.121,3D FIX,30,40,0.45,0.86,0.97,0.953,1.61
2025-03-17 10:06:37,rover,34.1520218,-77.8668213,0,349.0248,0.338,RTK_FIX,0,0,0.0,0.0,0.0,1.906,3.219
2025-03-17 10:06:37,base,34.1520147,-77.8668183,0,348.1419,0.355,3D FIX,30,40,0.45,0.86,0.97,0.951,1.607
2025-03-17 10:06:38,rover,34.1520251,-77.8668214,0,344.402,0.329,RTK_FIX,0,0,0.0,0.0,0.0,1.803,3.045
2025-03-17 10:06:38,base,34.1520179,-77.8668188,0,344.698,0.342,3D FIX,30,40,0.45,0.86,0.97,0.949,1.606
2025-03-17 10:06:39,rover,34.152028,-77.8668224,0,342.6983,0.34,RTK_FIX,0,0,0.0,0.0,0.0,1.801,3.043
2025-03-17 10:06:39,base,34.152021,-77.8668194,0,344.7128,0.335,3D FIX,30,40,0.45,0.86,0.97,0.946,1.605
2025-03-17 10:06:40,rover,34.1520314,-77.866823,0,344.0981,0.358,RTK_FIX,0,0,0.0,0.0,0.0,1.609,2.724
2025-03-17 10:06:40,base,34.1520238,-77.8668201,0,345.2191,0.31,3D FIX,30,40,0.45,0.9,1.0,0.944,1.607
2025-03-17 10:06:41,rover,34.1520336,-77.8668239,0,323.194,0.149,RTK_FIX,0,0,0.0,0.0,0.0,1.676,2.843
2025-03-17 10:06:41,base,34.1520253,-77.8668199,0,7.8176,0.117,3D FIX,30,40,0.45,0.86,0.97,0.94,1.605
2025-03-17 10:06:42,rover,34.1520351,-77.8668244,0,339.9976,0.286,RTK_FIX,0,0,0.0,0.0,0.0,1.639,2.791
2025-03-17 10:06:42,base,34.1520273,-77.8668204,0,335.4577,0.289,3D FIX,29,40,0.46,0.9,1.01,0.936,1.605
2025-03-17 10:06:43,rover,34.1520373,-77.8668253,0,336.7344,0.325,RTK_FIX,0,0,0.0,0.0,0.0,1.584,2.704
2025-03-17 10:06:43,base,34.1520273,-77.8668204,0,335.4577,0.289,3D FIX,30,40,0.45,0.88,0.99,0.936,1.605
2025-03-17 10:06:44,rover,34.1520397,-77.8668265,0,320.983,0.165,RTK_FIX,0,0,0.0,0.0,0.0,1.381,2.366
2025-03-17 10:06:44,base,34.1520321,-77.8668221,0,351.3901,0.197,3D FIX,30,40,0.45,0.88,0.99,0.933,1.612
2025-03-17 10:06:45,rover,34.1520411,-77.8668276,0,328.7983,0.194,RTK_FIX,0,0,0.0,0.0,0.0,1.376,2.368
2025-03-17 10:06:45,base,34.1520338,-77.8668226,0,331.0368,0.187,3D FIX,30,40,0.45,0.89,1.0,0.93,1.61
2025-03-17 10:06:46,rover,34.1520433,-77.8668289,0,331.0442,0.341,RTK_FIX,0,0,0.0,0.0,0.0,1.443,2.493
2025-03-17 10:06:46,base,34.1520361,-77.8668238,0,334.1344,0.33,DGPS,30,40,0.45,0.86,0.97,0.929,1.612
2025-03-17 10:06:47,rover,34.1520461,-77.8668306,0,329.7714,0.35,RTK_FIX,0,0,0.0,0.0,0.0,1.33,2.3
2025-03-17 10:06:47,base,34.152039,-77.8668253,0,332.2196,0.368,DGPS,29,40,0.46,0.92,1.03,0.927,1.612
2025-03-17 10:06:48,rover,34.1520484,-77.8668319,0,331.2057,0.344,RTK_FIX,0,0,0.0,0.0,0.0,1.328,2.305
2025-03-17 10:06:48,base,34.152039,-77.8668253,0,332.2196,0.368,DGPS,29,40,0.46,0.9,1.01,0.927,1.612
2025-03-17 10:06:49,rover,34.1520507,-77.8668333,0,332.7648,0.337,RTK_FIX,0,0,0.0,0.0,0.0,1.732,3.013
2025-03-17 10:06:49,base,34.1520446,-77.8668288,0,328.4979,0.343,DGPS,30,40,0.45,0.89,1.0,0.923,1.609
2025-03-17 10:06:50,rover,34.1520536,-77.8668349,0,330.9055,0.317,RTK_FIX,0,0,0.0,0.0,0.0,2.035,3.547
2025-03-17 10:06:50,base,34.1520473,-77.8668303,0,332.1129,0.325,DGPS,30,40,0.45,0.85,0.96,0.92,1.605
2025-03-17 10:06:51,rover,34.1520563,-77.8668368,0,330.7748,0.351,RTK_FIX,0,0,0.0,0.0,0.0,2.223,3.875
2025-03-17 10:06:51,base,34.1520501,-77.8668319,0,330.909,0.347,DGPS,29,40,0.46,0.88,0.99,0.918,1.602
2025-03-17 10:06:52,rover,34.152059,-77.866838,0,331.155,0.33,RTK_FIX,0,0,0.0,0.0,0.0,2.412,4.21
2025-03-17 10:06:52,base,34.1520529,-77.8668335,0,330.765,0.333,DGPS,30,40,0.45,0.87,0.98,0.916,1.6
2025-03-17 10:06:53,rover,34.1520618,-77.8668396,0,328.5546,0.307,RTK_FIX,0,0,0.0,0.0,0.0,2.403,4.195
2025-03-17 10:06:53,base,34.1520556,-77.866835,0,333.1251,0.322,DGPS,30,40,0.45,0.87,0.98,0.915,1.598
2025-03-17 10:06:54,rover,34.1520646,-77.8668413,0,331.7686,0.337,RTK_FIX,0,0,0.0,0.0,0.0,2.156,3.765
2025-03-17 10:06:54,base,34.1520584,-77.8668365,0,333.0844,0.346,DGPS,30,42,0.45,0.87,0.98,0.913,1.596
2025-03-17 10:06:55,rover,34.1520673,-77.8668429,0,328.1906,0.337,RTK_FIX,0,0,0.0,0.0,0.0,1.88,3.285
2025-03-17 10:06:55,base,34.152061,-77.8668382,0,327.9428,0.327,DGPS,30,42,0.45,0.9,1.0,0.912,1.593
2025-03-17 10:06:56,rover,34.15207,-77.8668446,0,330.5486,0.361,RTK_FIX,0,0,0.0,0.0,0.0,1.784,3.118
2025-03-17 10:06:56,base,34.1520638,-77.8668399,0,331.0756,0.354,DGPS,29,42,0.46,0.91,1.02,0.911,1.588
2025-03-17 10:06:57,rover,34.1520727,-77.8668462,0,329.5544,0.339,RTK_FIX,0,0,0.0,0.0,0.0,1.837,3.208
2025-03-17 10:06:57,base,34.1520665,-77.8668414,0,331.8393,0.318,DGPS,29,42,0.46,0.86,0.97,0.908,1.58
2025-03-17 10:06:58,rover,34.1520754,-77.8668464,0,357.8125,0.299,RTK_FIX,0,0,0.0,0.0,0.0,1.692,2.951
2025-03-17 10:06:58,base,34.1520689,-77.8668428,0,327.5653,0.298,DGPS,30,42,0.45,0.83,0.95,0.906,1.572
2025-03-17 10:06:59,rover,34.152078,-77.866846,0,10.3704,0.278,RTK_FIX,0,0,0.0,0.0,0.0,1.746,3.037
2025-03-17 10:06:59,base,34.1520714,-77.8668438,0,339.8469,0.267,DGPS,29,42,0.46,0.86,0.97,0.904,1.567
2025-03-17 10:07:00,rover,34.1520808,-77.8668447,0,13.8338,0.265,RTK_FIX,0,0,0.0,0.0,0.0,1.746,3.032
2025-03-17 10:07:00,base,34.1520736,-77.8668443,0,349.572,0.241,DGPS,30,40,0.45,0.85,0.97,0.901,1.559
2025-03-17 10:07:01,rover,34.1520832,-77.8668429,0,28.7884,0.276,RTK_FIX,0,0,0.0,0.0,0.0,2.014,3.489
2025-03-17 10:07:01,base,34.1520759,-77.8668445,0,352.6588,0.267,DGPS,30,40,0.45,0.85,0.97,0.897,1.549
2025-03-17 10:07:02,rover,34.1520851,-77.8668405,0,44.3229,0.301,RTK_FIX,0,0,0.0,0.0,0.0,2.035,3.52
2025-03-17 10:07:02,base,34.1520785,-77.866844,0,11.357,0.275,DGPS,30,40,0.45,0.88,0.99,0.893,1.54
2025-03-17 10:07:03,rover,34.1520849,-77.8668404,0,29.9845,0.002,RTK_FIX,0,0,0.0,0.0,0.0,2.128,3.676
2025-03-17 10:07:03,base,34.1520793,-77.8668437,0,357.9939,0.011,DGPS,30,40,0.45,0.88,0.99,0.891,1.533
2025-03-17 10:07:04,rover,34.1520849,-77.8668402,0,29.9845,0.001,RTK_FIX,0,0,0.0,0.0,0.0,1.935,3.335
2025-03-17 10:07:04,base,34.1520795,-77.8668436,0,357.9939,0.009,DGPS,30,40,0.45,0.88,0.99,0.888,1.525
2025-03-17 10:07:05,rover,34.1520867,-77.8668394,0,29.4561,0.201,RTK_FIX,0,0,0.0,0.0,0.0,1.973,3.389
2025-03-17 10:07:05,base,34.1520808,-77.8668427,0,29.7836,0.202,DGPS,30,43,0.45,0.88,0.99,0.886,1.519
2025-03-17 10:07:06,rover,34.15209,-77.8668373,0,26.4572,0.339,RTK_FIX,0,0,0.0,0.0,0.0,2.052,3.519
2025-03-17 10:07:06,base,34.1520833,-77.8668411,0,24.7912,0.328,DGPS,30,43,0.45,0.87,0.98,0.883,1.513
2025-03-17 10:07:07,rover,34.1520936,-77.8668348,0,29.4195,0.477,RTK_FIX,0,0,0.0,0.0,0.0,2.261,3.877
2025-03-17 10:07:07,base,34.152087,-77.8668387,0,26.8974,0.503,DGPS,30,43,0.45,0.87,0.98,0.881,1.509
2025-03-17 10:07:08,rover,34.1520971,-77.8668324,0,28.6793,0.444,RTK_FIX,0,0,0.0,0.0,0.0,2.097,3.592
2025-03-17 10:07:08,base,34.1520908,-77.8668362,0,27.4473,0.456,DGPS,30,40,0.45,0.85,0.97,0.879,1.506
2025-03-17 10:07:09,rover,34.1521006,-77.8668302,0,28.8068,0.434,RTK_FIX,0,0,0.0,0.0,0.0,2.108,3.611
2025-03-17 10:07:09,base,34.1520945,-77.8668336,0,27.6983,0.467,DGPS,30,40,0.45,0.85,0.97,0.878,1.503
2025-03-17 10:07:10,rover,34.1521045,-77.8668277,0,26.7441,0.486,RTK_FIX,0,0,0.0,0.0,0.0,2.152,3.686
2025-03-17 10:07:10,base,34.1520986,-77.8668313,0,23.0325,0.508,DGPS,30,40,0.45,0.87,0.98,0.876,1.498
2025-03-17 10:07:11,rover,34.1521085,-77.8668253,0,26.8525,0.437,RTK_FIX,0,0,0.0,0.0,0.0,2.044,3.498
2025-03-17 10:07:11,base,34.1521025,-77.8668289,0,26.5666,0.464,DGPS,30,40,0.45,0.87,0.98,0.876,1.495
2025-03-17 10:07:12,rover,34.1521115,-77.8668225,0,39.0256,0.365,RTK_FIX,0,0,0.0,0.0,0.0,2.019,3.451
2025-03-17 10:07:12,base,34.1521057,-77.8668271,0,21.0078,0.35,DGPS,29,40,0.47,0.87,0.99,0.875,1.491
2025-03-17 10:07:13,rover,34.1521145,-77.8668197,0,37.2183,0.456,RTK_FIX,0,0,0.0,0.0,0.0,2.21,3.772
2025-03-17 10:07:13,base,34.152109,-77.8668244,0,39.3923,0.47,DGPS,30,40,0.45,0.85,0.97,0.874,1.487
2025-03-17 10:07:14,rover,34.1521177,-77.8668161,0,38.038,0.45,RTK_FIX,0,0,0.0,0.0,0.0,2.121,3.612
2025-03-17 10:07:14,base,34.1521123,-77.866821,0,39.9744,0.469,DGPS,29,40,0.46,0.88,0.99,0.874,1.486
2025-03-17 10:07:15,rover,34.1521213,-77.8668122,0,40.72,0.484,RTK_FIX,0,0,0.0,0.0,0.0,1.96,3.334
2025-03-17 10:07:15,base,34.1521158,-77.8668177,0,39.017,0.481,DGPS,30,41,0.45,0.85,0.97,0.874,1.486
2025-03-17 10:07:16,rover,34.1521245,-77.8668085,0,43.2108,0.439,RTK_FIX,0,0,0.0,0.0,0.0,2.212,3.76
2025-03-17 10:07:16,base,34.1521189,-77.8668143,0,43.2115,0.452,DGPS,30,41,0.45,0.85,0.97,0.874,1.484
2025-03-17 10:07:17,rover,34.1521278,-77.8668054,0,41.7486,0.478,RTK_FIX,0,0,0.0,0.0,0.0,2.188,3.718
2025-03-17 10:07:17,base,34.1521221,-77.8668109,0,41.5384,0.467,DGPS,30,41,0.45,0.85,0.97,0.875,1.481
2025-03-17 10:07:18,rover,34.1521311,-77.866802,0,38.1125,0.501,RTK_FIX,0,0,0.0,0.0,0.0,1.842,3.126
2025-03-17 10:07:18,base,34.1521256,-77.8668073,0,39.8239,0.516,DGPS,30,40,0.45,0.87,0.98,0.875,1.478
2025-03-17 10:07:19,rover,34.1521345,-77.8667986,0,38.7288,0.456,RTK_FIX,0,0,0.0,0.0,0.0,1.993,3.374
2025-03-17 10:07:19,base,34.152129,-77.8668039,0,40.1444,0.462,DGPS,30,40,0.45,0.85,0.97,0.875,1.475
2025-03-17 10:07:20,rover,34.1521377,-77.8667951,0,45.0172,0.468,RTK_FIX,0,0,0.0,0.0,0.0,2.076,3.507
2025-03-17 10:07:20,base,34.1521324,-77.8668003,0,40.8839,0.505,DGPS,30,40,0.45,0.82,0.93,0.876,1.477
2025-03-17 10:07:21,rover,34.1521408,-77.866792,0,37.1805,0.418,RTK_FIX,0,0,0.0,0.0,0.0,2.199,3.709
2025-03-17 10:07:21,base,34.1521355,-77.8667971,0,38.6621,0.414,DGPS,30,40,0.45,0.85,0.97,0.877,1.476
2025-03-17 10:07:22,rover,34.1521438,-77.8667888,0,43.6758,0.428,RTK_FIX,0,0,0.0,0.0,0.0,2.078,3.504
2025-03-17 10:07:22,base,34.1521384,-77.8667941,0,40.1572,0.429,DGPS,30,40,0.45,0.85,0.97,0.878,1.476
2025-03-17 10:07:23,rover,34.1521472,-77.8667852,0,43.2009,0.483,RTK_FIX,0,0,0.0,0.0,0.0,2.39,4.02
2025-03-17 10:07:23,base,34.1521414,-77.8667907,0,44.2482,0.467,DGPS,30,40,0.45,0.85,0.97,0.878,1.476
2025-03-17 10:07:24,rover,34.1521501,-77.8667822,0,41.5025,0.388,RTK_FIX,0,0,0.0,0.0,0.0,2.171,3.652
2025-03-17 10:07:24,base,34.1521441,-77.8667875,0,42.1374,0.389,DGPS,29,40,0.46,0.87,0.98,0.88,1.477
2025-03-17 10:07:25,rover,34.1521525,-77.866779,0,43.4061,0.404,RTK_FIX,0,0,0.0,0.0,0.0,2.253,3.785
2025-03-17 10:07:25,base,34.1521467,-77.8667846,0,43.3666,0.393,DGPS,30,40,0.45,0.85,0.97,0.883,1.48
2025-03-17 10:07:26,rover,34.1521557,-77.8667757,0,39.5074,0.532,RTK_FIX,0,0,0.0,0.0,0.0,2.912,4.889
2025-03-17 10:07:26,base,34.1521499,-77.8667812,0,39.5779,0.498,DGPS,30,40,0.45,0.9,1.0,0.884,1.484
2025-03-17 10:07:27,rover,34.1521591,-77.8667722,0,41.1307,0.483,RTK_FIX,0,0,0.0,0.0,0.0,2.974,4.986
2025-03-17 10:07:27,base,34.1521534,-77.8667778,0,38.5673,0.502,DGPS,30,40,0.45,0.9,1.0,0.884,1.484
2025-03-17 10:07:28,rover,34.1521614,-77.8667687,0,63.3107,0.338,RTK_FIX,0,0,0.0,0.0,0.0,2.657,4.46
2025-03-17 10:07:28,base,34.152156,-77.8667753,0,33.9955,0.32,DGPS,30,40,0.45,0.87,0.98,0.885,1.484
2025-03-17 10:07:29,rover,34.1521628,-77.8667645,0,69.7621,0.402,RTK_FIX,0,0,0.0,0.0,0.0,2.671,4.483
2025-03-17 10:07:29,base,34.1521586,-77.8667724,0,44.1234,0.411,DGPS,29,40,0.47,0.91,1.03,0.885,1.484
2025-03-17 10:07:30,rover,34.1521639,-77.86676,0,66.3316,0.441,RTK_FIX,0,0,0.0,0.0,0.0,2.617,4.39
2025-03-17 10:07:30,base,34.1521607,-77.8667683,0,66.261,0.445,DGPS,30,40,0.45,0.87,0.98,0.885,1.485
2025-03-17 10:07:31,rover,34.1521655,-77.866756,0,68.1894,0.433,RTK_FIX,0,0,0.0,0.0,0.0,2.393,4.013
2025-03-17 10:07:31,base,34.1521621,-77.8667639,0,69.2008,0.422,DGPS,30,40,0.45,0.87,0.98,0.886,1.488
2025-03-17 10:07:32,rover,34.1521673,-77.866752,0,66.859,0.42,RTK_FIX,0,0,0.0,0.0,0.0,2.161,3.625
2025-03-17 10:07:32,base,34.1521639,-77.8667597,0,61.4639,0.424,DGPS,29,40,0.46,0.86,0.98,0.888,1.494
2025-03-17 10:07:33,rover,34.152169,-77.8667473,0,63.9958,0.456,RTK_FIX,0,0,0.0,0.0,0.0,2.368,3.976
2025-03-17 10:07:33,base,34.1521659,-77.8667554,0,61.7639,0.452,DGPS,30,40,0.45,0.87,0.98,0.89,1.499
2025-03-17 10:07:34,rover,34.152171,-77.8667429,0,63.2217,0.436,RTK_FIX,0,0,0.0,0.0,0.0,2.12,3.567
2025-03-17 10:07:34,base,34.1521678,-77.8667512,0,62.4943,0.434,DGPS,29,40,0.47,0.87,0.99,0.892,1.504
2025-03-17 10:07:35,rover,34.1521729,-77.8667384,0,62.2051,0.474,RTK_FIX,0,0,0.0,0.0,0.0,2.004,3.376
2025-03-17 10:07:35,base,34.1521698,-77.8667468,0,60.6043,0.466,DGPS,30,40,0.45,0.87,0.98,0.894,1.508
2025-03-17 10:07:36,rover,34.152175,-77.866734,0,62.7938,0.481,RTK_FIX,0,0,0.0,0.0,0.0,2.121,3.576
2025-03-17 10:07:36,base,34.1521716,-77.8667422,0,65.6571,0.467,DGPS,29,40,0.46,0.87,0.99,0.895,1.509
2025-03-17 10:07:37,rover,34.152177,-77.8667298,0,62.8051,0.46,RTK_FIX,0,0,0.0,0.0,0.0,2.422,4.087
2025-03-17 10:07:37,base,34.1521732,-77.8667378,0,63.0145,0.434,DGPS,30,40,0.45,0.87,0.98,0.895,1.509
2025-03-17 10:07:38,rover,34.1521788,-77.8667253,0,60.3212,0.478,RTK_FIX,0,0,0.0,0.0,0.0,2.122,3.579
2025-03-17 10:07:38,base,34.1521748,-77.8667335,0,65.985,0.438,DGPS,29,40,0.46,0.91,1.03,0.896,1.507
2025-03-17 10:07:39,rover,34.1521797,-77.8667225,0,59.9456,0.285,RTK_FIX,0,0,0.0,0.0,0.0,1.894,3.191
2025-03-17 10:07:39,base,34.152176,-77.8667301,0,67.8934,0.274,DGPS,30,40,0.45,0.9,1.0,0.897,1.506
2025-03-17 10:07:40,rover,34.15218,-77.8667209,0,63.4138,0.136,RTK_FIX,0,0,0.0,0.0,0.0,1.733,2.916
2025-03-17 10:07:40,base,34.1521767,-77.8667283,0,64.985,0.141,DGPS,30,40,0.45,0.85,0.96,0.898,1.505
2025-03-17 10:07:41,rover,34.1521801,-77.8667204,0,61.7409,0.009,RTK_FIX,0,0,0.0,0.0,0.0,1.605,2.696
2025-03-17 10:07:41,base,34.1521768,-77.8667278,0,65.3827,0.005,DGPS,30,40,0.45,0.87,0.98,0.899,1.504
2025-03-17 10:07:42,rover,34.1521801,-77.8667203,0,61.7409,0.028,RTK_FIX,0,0,0.0,0.0,0.0,1.645,2.756
2025-03-17 10:07:42,base,34.1521768,-77.8667279,0,65.3827,0.022,DGPS,30,40,0.45,0.87,0.98,0.9,1.504
2025-03-17 10:07:43,rover,34.1521801,-77.86672,0,61.7409,0.006,RTK_FIX,0,0,0.0,0.0,0.0,1.615,2.704
2025-03-17 10:07:43,base,34.1521767,-77.8667279,0,65.3827,0.006,DGPS,30,40,0.45,0.87,0.98,0.901,1.504
2025-03-17 10:07:44,rover,34.1521801,-77.8667202,0,61.7409,0.006,RTK_FIX,0,0,0.0,0.0,0.0,1.523,2.547
2025-03-17 10:07:44,base,34.1521767,-77.8667277,0,65.3827,0.005,DGPS,30,40,0.45,0.87,0.98,0.902,1.504
2025-03-17 10:07:45,rover,34.15218,-77.8667201,0,61.7409,0.008,RTK_FIX,0,0,0.0,0.0,0.0,1.494,2.495
2025-03-17 10:07:45,base,34.1521767,-77.8667277,0,65.3827,0.011,DGPS,30,40,0.45,0.87,0.98,0.902,1.502
2025-03-17 10:07:46,rover,34.15218,-77.86672,0,61.7409,0.005,RTK_FIX,0,0,0.0,0.0,0.0,1.401,2.337
2025-03-17 10:07:46,base,34.1521767,-77.8667276,0,65.3827,0.006,DGPS,30,40,0.45,0.87,0.98,0.902,1.5
2025-03-17 10:07:47,rover,34.15218,-77.86672,0,61.7409,0.008,RTK_FIX,0,0,0.0,0.0,0.0,1.727,2.876
2025-03-17 10:07:47,base,34.1521766,-77.8667276,0,65.3827,0.01,DGPS,30,40,0.45,0.87,0.98,0.903,1.498
2025-03-17 10:07:48,rover,34.15218,-77.86672,0,61.7409,0.005,RTK_FIX,0,0,0.0,0.0,0.0,1.797,2.989
2025-03-17 10:07:48,base,34.1521766,-77.8667276,0,65.3827,0.005,DGPS,30,44,0.45,0.87,0.98,0.902,1.496
2025-03-17 10:07:49,rover,34.15218,-77.8667199,0,61.7409,0.005,RTK_FIX,0,0,0.0,0.0,0.0,1.767,2.933
2025-03-17 10:07:49,base,34.1521765,-77.8667276,0,65.3827,0.006,DGPS,30,44,0.45,0.87,0.98,0.902,1.493
2025-03-17 10:07:50,rover,34.1521799,-77.8667199,0,61.7409,0.004,RTK_FIX,0,0,0.0,0.0,0.0,1.682,2.789
2025-03-17 10:07:50,base,34.1521764,-77.8667275,0,65.3827,0.004,DGPS,30,44,0.45,0.87,0.98,0.902,1.49
2025-03-17 10:07:51,rover,34.1521798,-77.8667198,0,61.7409,0.001,RTK_FIX,0,0,0.0,0.0,0.0,1.534,2.538
2025-03-17 10:07:51,base,34.1521763,-77.8667274,0,65.3827,0.002,DGPS,30,41,0.45,0.87,0.98,0.901,1.487
2025-03-17 10:07:52,rover,34.1521797,-77.8667198,0,61.7409,0.002,RTK_FIX,0,0,0.0,0.0,0.0,1.587,2.623
2025-03-17 10:07:52,base,34.1521761,-77.8667273,0,65.3827,0.004,DGPS,30,41,0.45,0.87,0.98,0.901,1.485
2025-03-17 10:07:53,rover,34.1521796,-77.8667197,0,61.7409,0.005,RTK_FIX,0,0,0.0,0.0,0.0,1.747,2.883
2025-03-17 10:07:53,base,34.152176,-77.8667271,0,65.3827,0.006,DGPS,30,41,0.45,0.87,0.98,0.901,1.482
2025-03-17 10:07:54,rover,34.1521794,-77.8667196,0,61.7409,0.002,RTK_FIX,0,0,0.0,0.0,0.0,1.837,3.028
2025-03-17 10:07:54,base,34.1521759,-77.866727,0,65.3827,0.008,DGPS,30,41,0.45,0.87,0.98,0.9,1.48
2025-03-17 10:07:55,rover,34.1521792,-77.8667193,0,61.7409,0.008,RTK_FIX,0,0,0.0,0.0,0.0,1.892,3.11
2025-03-17 10:07:55,base,34.1521758,-77.8667269,0,65.3827,0.005,DGPS,30,40,0.45,0.87,0.98,0.9,1.478
2025-03-17 10:07:56,rover,34.1521792,-77.8667193,0,61.7409,0.011,RTK_FIX,0,0,0.0,0.0,0.0,2.059,3.385
2025-03-17 10:07:56,base,34.1521758,-77.8667268,0,65.3827,0.006,DGPS,30,40,0.45,0.87,0.98,0.9,1.476
2025-03-17 10:07:57,rover,34.1521792,-77.8667192,0,61.7409,0.006,RTK_FIX,0,0,0.0,0.0,0.0,2.027,3.329
2025-03-17 10:07:57,base,34.1521757,-77.8667266,0,65.3827,0.007,DGPS,30,40,0.45,0.87,0.98,0.9,1.475
2025-03-17 10:07:58,rover,34.1521791,-77.8667191,0,61.7409,0.005,RTK_FIX,0,0,0.0,0.0,0.0,1.925,3.156
2025-03-17 10:07:58,base,34.1521756,-77.8667265,0,65.3827,0.005,DGPS,30,42,0.45,0.87,0.98,0.9,1.473
2025-03-17 10:07:59,rover,34.152179,-77.8667189,0,61.7409,0.005,RTK_FIX,0,0,0.0,0.0,0.0,1.866,3.056
2025-03-17 10:07:59,base,34.1521755,-77.8667264,0,65.3827,0.001,DGPS,30,42,0.45,0.87,0.98,0.9,1.472
2025-03-17 10:08:00,rover,34.152179,-77.8667188,0,61.7409,0.004,RTK_FIX,0,0,0.0,0.0,0.0,1.905,3.118
2025-03-17 10:08:00,base,34.1521753,-77.8667262,0,65.3827,0.007,DGPS,30,42,0.45,0.87,0.98,0.9,1.47
2025-03-17 10:08:01,rover,34.1521788,-77.8667187,0,61.7409,0.004,RTK_FIX,0,0,0.0,0.0,0.0,1.85,3.024
2025-03-17 10:08:01,base,34.1521752,-77.8667261,0,65.3827,0.007,DGPS,30,40,0.45,0.87,0.98,0.9,1.468
2025-03-17 10:08:02,rover,34.1521787,-77.8667185,0,61.7409,0.002,RTK_FIX,0,0,0.0,0.0,0.0,1.907,3.114
2025-03-17 10:08:02,base,34.1521751,-77.866726,0,65.3827,0.003,DGPS,30,40,0.45,0.87,0.98,0.9,1.467
2025-03-17 10:08:03,rover,34.1521785,-77.8667184,0,61.7409,0.004,RTK_FIX,0,0,0.0,0.0,0.0,1.97,3.213
2025-03-17 10:08:03,base,34.1521751,-77.8667259,0,65.3827,0.0,DGPS,30,40,0.45,0.87,0.98,0.9,1.465
2025-03-17 10:08:04,rover,34.1521785,-77.8667183,0,61.7409,0.004,RTK_FIX,0,0,0.0,0.0,0.0,1.859,3.028
2025-03-17 10:08:04,base,34.152175,-77.8667258,0,65.3827,0.001,DGPS,30,40,0.45,0.87,0.98,0.901,1.464
2025-03-17 10:08:05,rover,34.1521784,-77.8667181,0,61.7409,0.007,RTK_FIX,0,0,0.0,0.0,0.0,2.009,3.267
2025-03-17 10:08:05,base,34.152175,-77.8667257,0,65.3827,0.002,DGPS,30,40,0.45,0.87,0.98,0.901,1.463
2025-03-17 10:08:06,rover,34.1521783,-77.866718,0,61.7409,0.007,RTK_FIX,0,0,0.0,0.0,0.0,2.185,3.549
2025-03-17 10:08:06,base,34.152175,-77.8667256,0,65.3827,0.006,DGPS,30,40,0.45,0.87,0.98,0.902,1.463
2025-03-17 10:08:07,rover,34.1521783,-77.8667181,0,61.7409,0.006,RTK_FIX,0,0,0.0,0.0,0.0,2.161,3.509
2025-03-17 10:08:07,base,34.1521751,-77.8667256,0,65.3827,0.008,DGPS,30,40,0.45,0.87,0.98,0.903,1.463
2025-03-17 10:08:08,rover,34.1521784,-77.866718,0,61.7409,0.004,RTK_FIX,0,0,0.0,0.0,0.0,2.088,3.388
2025-03-17 10:08:08,base,34.1521751,-77.8667256,0,65.3827,0.009,DGPS,30,43,0.45,0.87,0.98,0.903,1.463
2025-03-17 10:08:09,rover,34.1521784,-77.8667179,0,61.7409,0.008,RTK_FIX,0,0,0.0,0.0,0.0,1.993,3.231
2025-03-17 10:08:09,base,34.1521751,-77.8667255,0,65.3827,0.004,DGPS,29,43,0.45,0.84,0.95,0.904,1.463
2025-03-17 10:08:10,rover,34.1521784,-77.8667179,0,61.7409,0.009,RTK_FIX,0,0,0.0,0.0,0.0,1.935,3.133
2025-03-17 10:08:10,base,34.1521751,-77.8667255,0,65.3827,0.004,DGPS,29,43,0.45,0.84,0.95,0.905,1.462
2025-03-17 10:08:11,rover,34.1521785,-77.8667178,0,61.7409,0.01,RTK_FIX,0,0,0.0,0.0,0.0,2.015,3.261
2025-03-17 10:08:11,base,34.1521752,-77.8667254,0,65.3827,0.004,DGPS,29,40,0.45,0.84,0.95,0.905,1.462
2025-03-17 10:08:12,rover,34.1521785,-77.8667178,0,61.7409,0.005,RTK_FIX,0,0,0.0,0.0,0.0,2.117,3.422
2025-03-17 10:08:12,base,34.1521752,-77.8667254,0,65.3827,0.002,DGPS,29,40,0.45,0.84,0.95,0.906,1.462
2025-03-17 10:08:13,rover,34.1521785,-77.8667177,0,61.7409,0.009,RTK_FIX,0,0,0.0,0.0,0.0,1.989,3.214
2025-03-17 10:08:13,base,34.1521752,-77.8667253,0,65.3827,0.007,DGPS,29,40,0.45,0.84,0.95,0.906,1.462
2025-03-17 10:08:14,rover,34.1521785,-77.8667177,0,61.7409,0.009,RTK_FIX,0,0,0.0,0.0,0.0,1.895,3.06
2025-03-17 10:08:14,base,34.1521752,-77.8667252,0,65.3827,0.008,DGPS,29,40,0.45,0.84,0.95,0.906,1.46
2025-03-17 10:08:15,rover,34.1521786,-77.8667176,0,61.7409,0.003,RTK_FIX,0,0,0.0,0.0,0.0,1.866,3.01
2025-03-17 10:08:15,base,34.1521753,-77.866725,0,65.3827,0.005,DGPS,29,40,0.45,0.84,0.95,0.906,1.458
2025-03-17 10:08:16,rover,34.1521786,-77.8667175,0,61.7409,0.009,RTK_FIX,0,0,0.0,0.0,0.0,1.984,3.198
2025-03-17 10:08:16,base,34.1521752,-77.8667249,0,65.3827,0.008,DGPS,29,40,0.45,0.84,0.95,0.905,1.456
2025-03-17 10:08:17,rover,34.1521786,-77.8667173,0,61.7409,0.007,RTK_FIX,0,0,0.0,0.0,0.0,2.143,3.45
2025-03-17 10:08:17,base,34.1521753,-77.8667247,0,65.3827,0.01,DGPS,29,40,0.45,0.84,0.95,0.906,1.456
2025-03-17 10:08:18,rover,34.1521786,-77.8667172,0,61.7409,0.003,RTK_FIX,0,0,0.0,0.0,0.0,2.126,3.419
2025-03-17 10:08:18,base,34.1521754,-77.8667246,0,65.3827,0.016,DGPS,28,40,0.47,0.88,1.0,0.906,1.455
2025-03-17 10:08:19,rover,34.1521786,-77.866717,0,61.7409,0.004,RTK_FIX,0,0,0.0,0.0,0.0,2.079,3.342
2025-03-17 10:08:19,base,34.1521754,-77.8667246,0,65.3827,0.007,DGPS,28,40,0.47,0.88,1.0,0.907,1.455
2025-03-17 10:08:20,rover,34.1521787,-77.8667169,0,61.7409,0.006,RTK_FIX,0,0,0.0,0.0,0.0,1.958,3.145
2025-03-17 10:08:20,base,34.1521755,-77.8667246,0,65.3827,0.007,DGPS,29,40,0.45,0.84,0.95,0.908,1.456
2025-03-17 10:08:21,rover,34.1521788,-77.8667169,0,61.7409,0.005,RTK_FIX,0,0,0.0,0.0,0.0,1.909,3.063
2025-03-17 10:08:21,base,34.1521755,-77.8667245,0,65.3827,0.007,DGPS,29,40,0.45,0.84,0.95,0.909,1.456
2025-03-17 10:08:22,rover,34.1521788,-77.8667169,0,61.7409,0.004,RTK_FIX,0,0,0.0,0.0,0.0,1.854,2.974
2025-03-17 10:08:22,base,34.1521755,-77.8667245,0,65.3827,0.001,DGPS,29,40,0.45,0.84,0.95,0.91,1.456
2025-03-17 10:08:23,rover,34.1521788,-77.8667168,0,61.7409,0.006,RTK_FIX,0,0,0.0,0.0,0.0,1.763,2.826
2025-03-17 10:08:23,base,34.1521755,-77.8667244,0,65.3827,0.011,DGPS,29,40,0.45,0.84,0.95,0.91,1.457
2025-03-17 10:08:24,rover,34.1521788,-77.8667168,0,61.7409,0.003,RTK_FIX,0,0,0.0,0.0,0.0,1.687,2.701
2025-03-17 10:08:24,base,34.1521755,-77.8667243,0,65.3827,0.006,DGPS,29,40,0.45,0.84,0.95,0.911,1.457
2025-03-17 10:08:25,rover,34.1521788,-77.8667167,0,61.7409,0.001,RTK_FIX,0,0,0.0,0.0,0.0,1.759,2.814
2025-03-17 10:08:25,base,34.1521755,-77.8667241,0,65.3827,0.003,DGPS,29,40,0.45,0.84,0.95,0.913,1.457
2025-03-17 10:08:26,rover,34.1521788,-77.8667164,0,61.7409,0.003,RTK_FIX,0,0,0.0,0.0,0.0,1.8,2.873
2025-03-17 10:08:26,base,34.1521755,-77.866724,0,65.3827,0.004,DGPS,29,40,0.45,0.84,0.95,0.914,1.456
2025-03-17 10:08:27,rover,34.1521788,-77.8667163,0,61.7409,0.004,RTK_FIX,0,0,0.0,0.0,0.0,1.784,2.843
2025-03-17 10:08:27,base,34.1521755,-77.8667239,0,65.3827,0.007,DGPS,28,40,0.46,0.88,0.99,0.915,1.456
2025-03-17 10:08:28,rover,34.1521788,-77.8667163,0,61.7409,0.003,RTK_FIX,0,0,0.0,0.0,0.0,1.729,2.756
2025-03-17 10:08:28,base,34.1521755,-77.8667237,0,65.3827,0.005,DGPS,28,41,0.46,0.88,0.99,0.916,1.456
2025-03-17 10:08:29,rover,34.1521788,-77.8667161,0,61.7409,0.002,RTK_FIX,0,0,0.0,0.0,0.0,1.719,2.737
2025-03-17 10:08:29,base,34.1521755,-77.8667236,0,65.3827,0.007,DGPS,28,40,0.46,0.88,0.99,0.916,1.456
2025-03-17 10:08:30,rover,34.1521788,-77.866716,0,61.7409,0.005,RTK_FIX,0,0,0.0,0.0,0.0,1.697,2.699
2025-03-17 10:08:30,base,34.1521756,-77.8667234,0,65.3827,0.009,DGPS,28,40,0.46,0.88,0.99,0.917,1.457
2025-03-17 10:08:31,rover,34.1521789,-77.8667157,0,61.7409,0.007,RTK_FIX,0,0,0.0,0.0,0.0,1.876,2.979
2025-03-17 10:08:31,base,34.1521756,-77.8667234,0,65.3827,0.009,DGPS,29,40,0.45,0.84,0.95,0.918,1.458
2025-03-17 10:08:32,rover,34.1521789,-77.8667157,0,61.7409,0.005,RTK_FIX,0,0,0.0,0.0,0.0,1.786,2.838
2025-03-17 10:08:32,base,34.1521757,-77.8667233,0,65.3827,0.005,DGPS,29,40,0.45,0.84,0.95,0.919,1.458
2025-03-17 10:08:33,rover,34.1521789,-77.8667156,0,61.7409,0.006,RTK_FIX,0,0,0.0,0.0,0.0,1.759,2.793
2025-03-17 10:08:33,base,34.1521757,-77.8667232,0,65.3827,0.012,DGPS,29,40,0.45,0.84,0.95,0.919,1.458
2025-03-17 10:08:34,rover,34.152179,-77.8667156,0,61.7409,0.004,RTK_FIX,0,0,0.0,0.0,0.0,1.739,2.76
2025-03-17 10:08:34,base,34.1521758,-77.8667232,0,65.3827,0.006,DGPS,29,40,0.45,0.84,0.95,0.919,1.458
2025-03-17 10:08:35,rover,34.152179,-77.8667155,0,61.7409,0.002,RTK_FIX,0,0,0.0,0.0,0.0,1.848,2.933
2025-03-17 10:08:35,base,34.1521759,-77.8667231,0,65.3827,0.011,DGPS,29,40,0.45,0.84,0.95,0.919,1.458
2025-03-17 10:08:36,rover,34.1521791,-77.8667154,0,61.7409,0.002,RTK_FIX,0,0,0.0,0.0,0.0,1.847,2.931
2025-03-17 10:08:36,base,34.1521758,-77.866723,0,65.3827,0.007,DGPS,29,40,0.45,0.84,0.95,0.919,1.457
2025-03-17 10:08:37,rover,34.1521792,-77.8667154,0,61.7409,0.007,RTK_FIX,0,0,0.0,0.0,0.0,1.744,2.767
2025-03-17 10:08:37,base,34.1521758,-77.8667228,0,65.3827,0.008,DGPS,29,40,0.45,0.84,0.95,0.919,1.457
2025-03-17 10:08:38,rover,34.1521791,-77.8667151,0,61.7409,0.004,RTK_FIX,0,0,0.0,0.0,0.0,1.721,2.728
2025-03-17 10:08:38,base,34.1521758,-77.8667226,0,65.3827,0.002,DGPS,29,40,0.45,0.84,0.95,0.919,1.456
2025-03-17 10:08:39,rover,34.1521791,-77.8667151,0,61.7409,0.002,RTK_FIX,0,0,0.0,0.0,0.0,1.657,2.627
2025-03-17 10:08:39,base,34.1521758,-77.8667224,0,65.3827,0.006,DGPS,29,44,0.45,0.84,0.95,0.92,1.456
2025-03-17 10:08:40,rover,34.1521791,-77.8667149,0,61.7409,0.006,RTK_FIX,0,0,0.0,0.0,0.0,1.74,2.757
2025-03-17 10:08:40,base,34.1521758,-77.8667222,0,65.3827,0.005,DGPS,29,44,0.45,0.84,0.95,0.92,1.456
2025-03-17 10:08:41,rover,34.1521791,-77.8667147,0,61.7409,0.006,RTK_FIX,0,0,0.0,0.0,0.0,1.77,2.803
2025-03-17 10:08:41,base,34.1521758,-77.866722,0,65.3827,0.005,DGPS,29,44,0.45,0.84,0.95,0.92,1.455
2025-03-17 10:08:42,rover,34.1521791,-77.8667145,0,61.7409,0.01,RTK_FIX,0,0,0.0,0.0,0.0,1.748,2.766
2025-03-17 10:08:42,base,34.1521758,-77.8667218,0,65.3827,0.013,DGPS,29,41,0.45,0.84,0.95,0.92,1.454
2025-03-17 10:08:43,rover,34.1521791,-77.8667143,0,61.7409,0.004,RTK_FIX,0,0,0.0,0.0,0.0,1.724,2.726
2025-03-17 10:08:43,base,34.1521759,-77.8667217,0,65.3827,0.004,DGPS,29,41,0.45,0.84,0.95,0.92,1.454
2025-03-17 10:08:44,rover,34.1521792,-77.8667141,0,61.7409,0.003,RTK_FIX,0,0,0.0,0.0,0.0,1.754,2.772
2025-03-17 10:08:44,base,34.1521759,-77.8667216,0,65.3827,0.004,DGPS,29,41,0.45,0.84,0.95,0.92,1.452
2025-03-17 10:08:45,rover,34.1521792,-77.866714,0,61.7409,0.005,RTK_FIX,0,0,0.0,0.0,0.0,1.822,2.878
2025-03-17 10:08:45,base,34.1521759,-77.8667214,0,65.3827,0.011,DGPS,29,40,0.45,0.84,0.95,0.92,1.451
2025-03-17 10:08:46,rover,34.1521792,-77.8667138,0,61.7409,0.006,RTK_FIX,0,0,0.0,0.0,0.0,1.937,3.058
2025-03-17 10:08:46,base,34.1521759,-77.8667213,0,65.3827,0.007,DGPS,29,40,0.45,0.84,0.95,0.919,1.449
2025-03-17 10:08:47,rover,34.1521793,-77.8667137,0,61.7409,0.006,RTK_FIX,0,0,0.0,0.0,0.0,1.934,3.051
2025-03-17 10:08:47,base,34.1521759,-77.8667212,0,65.3827,0.006,DGPS,29,40,0.45,0.84,0.95,0.919,1.447
2025-03-17 10:08:48,rover,34.1521793,-77.8667135,0,61.7409,0.005,RTK_FIX,0,0,0.0,0.0,0.0,1.888,2.973
2025-03-17 10:08:48,base,34.1521758,-77.866721,0,65.3827,0.008,DGPS,29,40,0.45,0.84,0.95,0.919,1.446
2025-03-17 10:08:49,rover,34.1521792,-77.8667132,0,61.7409,0.008,RTK_FIX,0,0,0.0,0.0,0.0,1.869,2.942
2025-03-17 10:08:49,base,34.1521758,-77.8667208,0,65.3827,0.003,DGPS,29,42,0.45,0.84,0.95,0.919,1.446
2025-03-17 10:08:50,rover,34.1521792,-77.866713,0,61.7409,0.006,RTK_FIX,0,0,0.0,0.0,0.0,1.881,2.959
2025-03-17 10:08:50,base,34.1521757,-77.8667206,0,65.3827,0.002,DGPS,29,42,0.45,0.84,0.95,0.919,1.445
2025-03-17 10:08:51,rover,34.1521792,-77.8667131,0,61.7409,0.008,RTK_FIX,0,0,0.0,0.0,0.0,1.912,3.009
2025-03-17 10:08:51,base,34.1521757,-77.8667204,0,65.3827,0.003,DGPS,29,42,0.45,0.84,0.95,0.919,1.445
2025-03-17 10:08:52,rover,34.1521791,-77.8667129,0,61.7409,0.006,RTK_FIX,0,0,0.0,0.0,0.0,1.822,2.865
2025-03-17 10:08:52,base,34.1521757,-77.8667202,0,65.3827,0.001,DGPS,29,40,0.45,0.84,0.95,0.919,1.444
2025-03-17 10:08:53,rover,34.1521791,-77.8667127,0,61.7409,0.005,RTK_FIX,0,0,0.0,0.0,0.0,1.827,2.871
2025-03-17 10:08:53,base,34.1521756,-77.8667201,0,65.3827,0.002,DGPS,29,40,0.45,0.84,0.95,0.919,1.443
2025-03-17 10:08:54,rover,34.152179,-77.8667123,0,61.7409,0.004,RTK_FIX,0,0,0.0,0.0,0.0,1.889,2.968
2025-03-17 10:08:54,base,34.1521756,-77.8667199,0,65.3827,0.011,DGPS,29,40,0.45,0.84,0.95,0.919,1.443
2025-03-17 10:08:55,rover,34.152179,-77.8667122,0,61.7409,0.007,RTK_FIX,0,0,0.0,0.0,0.0,1.845,2.898
2025-03-17 10:08:55,base,34.1521757,-77.8667198,0,65.3827,0.01,DGPS,29,40,0.45,0.84,0.95,0.919,1.442
2025-03-17 10:08:56,rover,34.152179,-77.8667119,0,61.7409,0.005,RTK_FIX,0,0,0.0,0.0,0.0,2.276,3.573
2025-03-17 10:08:56,base,34.1521757,-77.8667196,0,65.3827,0.002,DGPS,29,40,0.45,0.84,0.95,0.918,1.441
2025-03-17 10:08:57,rover,34.152179,-77.8667118,0,61.7409,0.003,RTK_FIX,0,0,0.0,0.0,0.0,2.488,3.905
2025-03-17 10:08:57,base,34.1521757,-77.8667195,0,65.3827,0.009,DGPS,29,40,0.45,0.84,0.95,0.918,1.44
2025-03-17 10:08:58,rover,34.152179,-77.8667116,0,61.7409,0.006,RTK_FIX,0,0,0.0,0.0,0.0,2.598,4.078
2025-03-17 10:08:58,base,34.1521756,-77.8667193,0,65.3827,0.005,DGPS,29,40,0.45,0.84,0.95,0.917,1.439
2025-03-17 10:08:59,rover,34.152179,-77.8667115,0,61.7409,0.006,RTK_FIX,0,0,0.0,0.0,0.0,2.789,4.376
2025-03-17 10:08:59,base,34.1521756,-77.8667192,0,65.3827,0.007,DGPS,29,40,0.45,0.84,0.95,0.917,1.438
2025-03-17 10:09:00,rover,34.152179,-77.8667115,0,61.7409,0.009,RTK_FIX,0,0,0.0,0.0,0.0,2.69,4.221
2025-03-17 10:09:00,base,34.1521756,-77.866719,0,65.3827,0.002,DGPS,29,42,0.45,0.84,0.95,0.916,1.437
2025-03-17 10:09:01,rover,34.1521789,-77.8667114,0,61.7409,0.008,RTK_FIX,0,0,0.0,0.0,0.0,2.538,3.981
2025-03-17 10:09:01,base,34.1521756,-77.8667188,0,65.3827,0.006,DGPS,29,42,0.45,0.84,0.95,0.916,1.436
2025-03-17 10:09:02,rover,34.1521789,-77.8667112,0,61.7409,0.009,RTK_FIX,0,0,0.0,0.0,0.0,2.536,3.976
2025-03-17 10:09:02,base,34.1521755,-77.8667187,0,65.3827,0.003,DGPS,29,42,0.45,0.84,0.95,0.916,1.435
2025-03-17 10:09:03,rover,34.1521789,-77.866711,0,61.7409,0.008,RTK_FIX,0,0,0.0,0.0,0.0,2.532,3.968
2025-03-17 10:09:03,base,34.1521755,-77.8667186,0,65.3827,0.004,DGPS,29,42,0.45,0.84,0.95,0.916,1.434
2025-03-17 10:09:04,rover,34.1521789,-77.8667109,0,61.7409,0.011,RTK_FIX,0,0,0.0,0.0,0.0,2.567,4.022
2025-03-17 10:09:04,base,34.1521755,-77.8667185,0,65.3827,0.005,DGPS,29,42,0.45,0.84,0.95,0.916,1.433
2025-03-17 10:09:05,rover,34.1521789,-77.8667108,0,61.7409,0.007,RTK_FIX,0,0,0.0,0.0,0.0,2.44,3.82
2025-03-17 10:09:05,base,34.1521755,-77.8667184,0,65.3827,0.004,DGPS,29,42,0.45,0.84,0.95,0.915,1.432
2025-03-17 10:09:06,rover,34.1521788,-77.8667105,0,61.7409,0.003,RTK_FIX,0,0,0.0,0.0,0.0,2.555,3.998
2025-03-17 10:09:06,base,34.1521755,-77.8667182,0,65.3827,0.008,DGPS,29,41,0.45,0.84,0.95,0.915,1.432
2025-03-17 10:09:07,rover,34.1521788,-77.8667104,0,61.7409,0.002,RTK_FIX,0,0,0.0,0.0,0.0,2.59,4.052
2025-03-17 10:09:07,base,34.1521755,-77.8667181,0,65.3827,0.006,DGPS,29,41,0.45,0.84,0.95,0.915,1.431
2025-03-17 10:09:08,rover,34.1521789,-77.8667103,0,61.7409,0.003,RTK_FIX,0,0,0.0,0.0,0.0,2.6,4.066
2025-03-17 10:09:08,base,34.1521756,-77.8667181,0,65.3827,0.011,DGPS,29,40,0.45,0.84,0.95,0.915,1.431
2025-03-17 10:09:09,rover,34.1521789,-77.8667103,0,61.7409,0.002,RTK_FIX,0,0,0.0,0.0,0.0,2.487,3.889
2025-03-17 10:09:09,base,34.1521757,-77.866718,0,65.3827,0.012,DGPS,29,40,0.45,0.84,0.95,0.916,1.432
2025-03-17 10:09:10,rover,34.1521789,-77.8667103,0,61.7409,0.006,RTK_FIX,0,0,0.0,0.0,0.0,2.361,3.692
2025-03-17 10:09:10,base,34.1521757,-77.8667179,0,65.3827,0.002,DGPS,29,40,0.45,0.84,0.95,0.916,1.432
2025-03-17 10:09:11,rover,34.152179,-77.8667102,0,61.7409,0.004,RTK_FIX,0,0,0.0,0.0,0.0,2.422,3.787
2025-03-17 10:09:11,base,34.1521757,-77.8667179,0,65.3827,0.007,DGPS,29,40,0.45,0.84,0.95,0.917,1.433
2025-03-17 10:09:12,rover,34.152179,-77.8667101,0,61.7409,0.002,RTK_FIX,0,0,0.0,0.0,0.0,2.403,3.756
2025-03-17 10:09:12,base,34.1521756,-77.8667179,0,65.3827,0.008,DGPS,29,40,0.45,0.84,0.95,0.917,1.433
2025-03-17 10:09:13,rover,34.152179,-77.8667101,0,61.7409,0.002,RTK_FIX,0,0,0.0,0.0,0.0,2.497,3.904
2025-03-17 10:09:13,base,34.1521756,-77.8667178,0,65.3827,0.001,DGPS,29,40,0.45,0.84,0.95,0.917,1.433
2025-03-17 10:09:14,rover,34.152179,-77.86671,0,61.7409,0.003,RTK_FIX,0,0,0.0,0.0,0.0,2.401,3.752
2025-03-17 10:09:14,base,34.1521756,-77.8667177,0,65.3827,0.003,DGPS,30,40,0.45,0.85,0.96,0.918,1.432
2025-03-17 10:09:15,rover,34.1521789,-77.86671,0,61.7409,0.008,RTK_FIX,0,0,0.0,0.0,0.0,2.627,4.102
2025-03-17 10:09:15,base,34.1521756,-77.8667176,0,65.3827,0.002,DGPS,30,40,0.45,0.85,0.96,0.918,1.432
2025-03-17 10:09:16,rover,34.1521789,-77.8667099,0,61.7409,0.003,RTK_FIX,0,0,0.0,0.0,0.0,2.564,4.002
2025-03-17 10:09:16,base,34.1521756,-77.8667175,0,65.3827,0.007,DGPS,30,40,0.45,0.85,0.96,0.918,1.432
2025-03-17 10:09:17,rover,34.1521789,-77.8667098,0,61.7409,0.001,RTK_FIX,0,0,0.0,0.0,0.0,2.755,4.3
2025-03-17 10:09:17,base,34.1521755,-77.8667174,0,65.3827,0.002,DGPS,30,40,0.45,0.85,0.96,0.918,1.432
2025-03-17 10:09:18,rover,34.1521789,-77.8667097,0,61.7409,0.003,RTK_FIX,0,0,0.0,0.0,0.0,2.737,4.27
2025-03-17 10:09:18,base,34.1521755,-77.8667173,0,65.3827,0.008,DGPS,29,40,0.46,0.87,0.98,0.918,1.431
2025-03-17 10:09:19,rover,34.1521789,-77.8667096,0,61.7409,0.0,RTK_FIX,0,0,0.0,0.0,0.0,2.624,4.09
2025-03-17 10:09:19,base,34.1521755,-77.8667172,0,65.3827,0.007,DGPS,29,40,0.46,0.87,0.98,0.918,1.431
2025-03-17 10:09:20,rover,34.1521789,-77.8667094,0,61.7409,0.004,RTK_FIX,0,0,0.0,0.0,0.0,2.743,4.276
2025-03-17 10:09:20,base,34.1521755,-77.8667171,0,65.3827,0.004,DGPS,29,40,0.46,0.87,0.98,0.918,1.431
2025-03-17 10:09:21,rover,34.1521789,-77.8667093,0,61.7409,0.006,RTK_FIX,0,0,0.0,0.0,0.0,2.745,4.278
2025-03-17 10:09:21,base,34.1521756,-77.866717,0,65.3827,0.008,DGPS,29,40,0.46,0.87,0.98,0.918,1.431
2025-03-17 10:09:22,rover,34.1521789,-77.8667093,0,61.7409,0.004,RTK_FIX,0,0,0.0,0.0,0.0,2.598,4.05
2025-03-17 10:09:22,base,34.1521755,-77.866717,0,65.3827,0.004,DGPS,29,40,0.46,0.87,0.98,0.918,1.431
2025-03-17 10:09:23,rover,34.1521789,-77.8667092,0,61.7409,0.003,RTK_FIX,0,0,0.0,0.0,0.0,3.041,4.739
2025-03-17 10:09:23,base,34.1521755,-77.8667169,0,65.3827,0.002,DGPS,29,40,0.46,0.87,0.98,0.919,1.432
2025-03-17 10:09:24,rover,34.1521789,-77.8667091,0,61.7409,0.004,RTK_FIX,0,0,0.0,0.0,0.0,3.048,4.75
2025-03-17 10:09:24,base,34.1521755,-77.8667169,0,65.3827,0.003,DGPS,29,40,0.46,0.87,0.98,0.919,1.432
2025-03-17 10:09:25,rover,34.1521789,-77.8667091,0,61.7409,0.006,RTK_FIX,0,0,0.0,0.0,0.0,2.933,4.572
2025-03-17 10:09:25,base,34.1521754,-77.8667169,0,65.3827,0.005,DGPS,29,40,0.47,0.89,1.01,0.92,1.433
2025-03-17 10:09:26,rover,34.1521788,-77.8667091,0,61.7409,0.007,RTK_FIX,0,0,0.0,0.0,0.0,2.945,4.588
2025-03-17 10:09:26,base,34.1521754,-77.8667169,0,65.3827,0.006,DGPS,29,40,0.47,0.89,1.01,0.92,1.434
2025-03-17 10:09:27,rover,34.1521788,-77.8667091,0,61.7409,0.006,RTK_FIX,0,0,0.0,0.0,0.0,2.943,4.587
2025-03-17 10:09:27,base,34.1521753,-77.8667169,0,65.3827,0.006,DGPS,29,40,0.47,0.89,1.01,0.92,1.434
2025-03-17 10:09:28,rover,34.1521787,-77.8667091,0,61.7409,0.004,RTK_FIX,0,0,0.0,0.0,0.0,3.108,4.847
2025-03-17 10:09:28,base,34.1521753,-77.8667169,0,65.3827,0.004,DGPS,29,40,0.47,0.89,1.01,0.919,1.434
2025-03-17 10:09:29,rover,34.1521786,-77.8667091,0,61.7409,0.005,RTK_FIX,0,0,0.0,0.0,0.0,3.181,4.965
2025-03-17 10:09:29,base,34.1521752,-77.8667168,0,65.3827,0.004,DGPS,29,40,0.47,0.89,1.01,0.918,1.434
2025-03-17 10:09:30,rover,34.1521786,-77.866709,0,61.7409,0.008,RTK_FIX,0,0,0.0,0.0,0.0,2.911,4.548
2025-03-17 10:09:30,base,34.1521751,-77.8667168,0,65.3827,0.005,DGPS,29,40,0.47,0.89,1.01,0.917,1.434
2025-03-17 10:09:31,rover,34.1521786,-77.866709,0,61.7409,0.004,RTK_FIX,0,0,0.0,0.0,0.0,2.665,4.163
2025-03-17 10:09:31,base,34.152175,-77.8667168,0,65.3827,0.004,DGPS,30,42,0.45,0.87,0.98,0.916,1.434
2025-03-17 10:09:32,rover,34.1521784,-77.866709,0,61.7409,0.004,RTK_FIX,0,0,0.0,0.0,0.0,2.608,4.08
2025-03-17 10:09:32,base,34.1521749,-77.8667168,0,65.3827,0.002,DGPS,30,42,0.45,0.87,0.98,0.916,1.434
2025-03-17 10:09:33,rover,34.1521784,-77.866709,0,61.7409,0.005,RTK_FIX,0,0,0.0,0.0,0.0,2.59,4.052
2025-03-17 10:09:33,base,34.1521748,-77.8667167,0,65.3827,0.001,DGPS,30,42,0.45,0.87,0.98,0.915,1.434
2025-03-17 10:09:34,rover,34.1521782,-77.8667089,0,61.7409,0.003,RTK_FIX,0,0,0.0,0.0,0.0,2.733,4.281
2025-03-17 10:09:34,base,34.1521747,-77.8667168,0,65.3827,0.003,DGPS,30,40,0.45,0.87,0.98,0.915,1.434
2025-03-17 10:09:35,rover,34.1521782,-77.8667089,0,61.7409,0.005,RTK_FIX,0,0,0.0,0.0,0.0,2.554,4.001
2025-03-17 10:09:35,base,34.1521746,-77.8667168,0,65.3827,0.007,DGPS,30,40,0.45,0.87,0.98,0.914,1.434
2025-03-17 10:09:36,rover,34.1521781,-77.8667089,0,61.7409,0.002,RTK_FIX,0,0,0.0,0.0,0.0,2.573,4.033
2025-03-17 10:09:36,base,34.1521744,-77.8667168,0,65.3827,0.009,DGPS,30,40,0.45,0.87,0.98,0.914,1.434
2025-03-17 10:09:37,rover,34.1521779,-77.866709,0,61.7409,0.004,RTK_FIX,0,0,0.0,0.0,0.0,2.671,4.188
2025-03-17 10:09:37,base,34.1521743,-77.8667168,0,65.3827,0.004,DGPS,30,40,0.45,0.87,0.98,0.914,1.433
2025-03-17 10:09:38,rover,34.1521777,-77.866709,0,61.7409,0.007,RTK_FIX,0,0,0.0,0.0,0.0,2.617,4.104
2025-03-17 10:09:38,base,34.1521742,-77.8667168,0,65.3827,0.005,DGPS,30,40,0.45,0.87,0.98,0.914,1.433
2025-03-17 10:09:39,rover,34.1521777,-77.866709,0,61.7409,0.002,RTK_FIX,0,0,0.0,0.0,0.0,2.571,4.032
2025-03-17 10:09:39,base,34.1521741,-77.8667168,0,65.3827,0.002,DGPS,30,40,0.45,0.87,0.98,0.913,1.432
2025-03-17 10:09:40,rover,34.1521776,-77.866709,0,61.7409,0.004,RTK_FIX,0,0,0.0,0.0,0.0,2.498,3.917
2025-03-17 10:09:40,base,34.1521734,-77.8667169,0,65.3827,0.005,DGPS,30,40,0.45,0.87,0.98,0.912,1.427
2025-03-17 10:09:41,rover,34.1521768,-77.8667091,0,61.7409,0.001,RTK_FIX,0,0,0.0,0.0,0.0,2.785,4.358
2025-03-17 10:09:41,base,34.1521727,-77.8667171,0,65.3827,0.007,DGPS,30,40,0.45,0.87,0.98,0.91,1.421
2025-03-17 10:09:42,rover,34.1521768,-77.8667091,0,61.7409,0.002,RTK_FIX,0,0,0.0,0.0,0.0,2.613,4.088
2025-03-17 10:09:42,base,34.1521722,-77.8667185,0,65.3827,0.009,DGPS,30,40,0.45,0.87,0.98,0.904,1.409
2025-03-17 10:09:43,rover,34.1521762,-77.8667093,0,61.7409,0.008,RTK_FIX,0,0,0.0,0.0,0.0,2.666,4.165
2025-03-17 10:09:43,base,34.1521716,-77.8667202,0,65.3827,0.006,DGPS,30,40,0.45,0.87,0.98,0.897,1.398
2025-03-17 10:09:44,rover,34.1521757,-77.8667107,0,61.7409,0.006,RTK_FIX,0,0,0.0,0.0,0.0,2.694,4.199
2025-03-17 10:09:44,base,34.152171,-77.8667215,0,65.3827,0.004,DGPS,30,40,0.45,0.87,0.98,0.891,1.387
2025-03-17 10:09:45,rover,34.152175,-77.8667123,0,61.7409,0.006,RTK_FIX,0,0,0.0,0.0,0.0,2.674,4.166
2025-03-17 10:09:45,base,34.1521702,-77.8667225,0,65.3827,0.007,DGPS,30,40,0.45,0.87,0.98,0.879,1.37
2025-03-17 10:09:46,rover,34.1521744,-77.8667137,0,61.7409,0.005,RTK_FIX,0,0,0.0,0.0,0.0,2.587,4.026
2025-03-17 10:09:46,base,34.1521694,-77.8667234,0,65.3827,0.007,DGPS,30,40,0.45,0.87,0.98,0.868,1.355
2025-03-17 10:09:47,rover,34.1521736,-77.8667146,0,61.7409,0.002,RTK_FIX,0,0,0.0,0.0,0.0,2.528,3.94
2025-03-17 10:09:47,base,34.1521684,-77.8667243,0,65.3827,0.006,DGPS,30,40,0.45,0.87,0.98,0.854,1.338
2025-03-17 10:09:48,rover,34.1521729,-77.8667155,0,61.7409,0.005,RTK_FIX,0,0,0.0,0.0,0.0,2.524,3.941
2025-03-17 10:09:48,base,34.1521675,-77.866725,0,65.3827,0.005,DGPS,30,40,0.45,0.87,0.98,0.843,1.323
2025-03-17 10:09:49,rover,34.1521719,-77.8667165,0,61.7409,0.009,RTK_FIX,0,0,0.0,0.0,0.0,2.464,3.86
2025-03-17 10:09:49,base,34.1521667,-77.8667255,0,65.3827,0.012,DGPS,30,40,0.45,0.87,0.98,0.833,1.309
2025-03-17 10:09:50,rover,34.1521709,-77.8667172,0,61.7409,0.008,RTK_FIX,0,0,0.0,0.0,0.0,2.284,3.585
2025-03-17 10:09:50,base,34.1521661,-77.8667259,0,65.3827,0.007,DGPS,30,40,0.45,0.87,0.98,0.823,1.296
2025-03-17 10:09:51,rover,34.1521702,-77.8667176,0,61.7409,0.008,RTK_FIX,0,0,0.0,0.0,0.0,2.547,4.003
2025-03-17 10:09:51,base,34.1521656,-77.8667263,0,65.3827,0.009,DGPS,30,40,0.45,0.87,0.98,0.815,1.285
2025-03-17 10:09:52,rover,34.1521695,-77.8667181,0,61.7409,0.002,RTK_FIX,0,0,0.0,0.0,0.0,2.618,4.12
2025-03-17 10:09:52,base,34.1521653,-77.8667267,0,65.3827,0.012,DGPS,30,40,0.45,0.87,0.98,0.808,1.275
2025-03-17 10:09:53,rover,34.1521691,-77.8667185,0,61.7409,0.01,RTK_FIX,0,0,0.0,0.0,0.0,2.362,3.722
2025-03-17 10:09:53,base,34.1521651,-77.8667271,0,65.3827,0.009,DGPS,30,40,0.45,0.87,0.98,0.802,1.266
2025-03-17 10:09:54,rover,34.1521688,-77.8667189,0,61.7409,0.007,RTK_FIX,0,0,0.0,0.0,0.0,2.112,3.334
2025-03-17 10:09:54,base,34.1521649,-77.8667274,0,65.3827,0.003,DGPS,29,40,0.47,0.89,1.01,0.796,1.258
2025-03-17 10:09:55,rover,34.1521684,-77.8667195,0,61.7409,0.002,RTK_FIX,0,0,0.0,0.0,0.0,2.333,3.687
2025-03-17 10:09:55,base,34.152165,-77.8667276,0,65.3827,0.011,DGPS,29,40,0.47,0.89,1.01,0.791,1.251
2025-03-17 10:09:56,rover,34.1521684,-77.8667195,0,61.7409,0.006,RTK_FIX,0,0,0.0,0.0,0.0,2.224,3.515
2025-03-17 10:09:56,base,34.1521651,-77.8667278,0,65.3827,0.015,DGPS,30,40,0.45,0.87,0.98,0.787,1.243
2025-03-17 10:09:57,rover,34.1521685,-77.86672,0,61.7409,0.005,RTK_FIX,0,0,0.0,0.0,0.0,2.101,3.32
2025-03-17 10:09:57,base,34.1521652,-77.866728,0,65.3827,0.012,DGPS,30,40,0.45,0.87,0.98,0.782,1.235
2025-03-17 10:09:58,rover,34.1521686,-77.86672,0,61.7409,0.003,RTK_FIX,0,0,0.0,0.0,0.0,2.159,3.412
2025-03-17 10:09:58,base,34.1521654,-77.8667282,0,65.3827,0.01,DGPS,30,40,0.45,0.87,0.98,0.779,1.228
2025-03-17 10:09:59,rover,34.1521687,-77.8667202,0,61.7409,0.009,RTK_FIX,0,0,0.0,0.0,0.0,2.29,3.615
2025-03-17 10:09:59,base,34.1521657,-77.8667281,0,65.3827,0.016,DGPS,29,40,0.47,0.89,1.01,0.773,1.219
2025-03-17 10:10:00,rover,34.1521687,-77.8667202,0,61.7409,0.009,RTK_FIX,0,0,0.0,0.0,0.0,2.21,3.488
2025-03-17 10:10:00,base,34.1521659,-77.866728,0,65.3827,0.004,DGPS,30,40,0.45,0.87,0.98,0.765,1.209
2025-03-17 10:10:01,rover,34.1521692,-77.8667204,0,61.7409,0.008,RTK_FIX,0,0,0.0,0.0,0.0,1.975,3.115
2025-03-17 10:10:01,base,34.1521661,-77.8667277,0,65.3827,0.008,DGPS,30,40,0.45,0.87,0.98,0.758,1.199
2025-03-17 10:10:02,rover,34.1521694,-77.8667202,0,61.7409,0.005,RTK_FIX,0,0,0.0,0.0,0.0,2.066,3.263
2025-03-17 10:10:02,base,34.1521661,-77.8667277,0,65.3827,0.003,DGPS,30,40,0.45,0.87,0.98,0.742,1.167
2025-03-17 10:10:03,rover,34.1521695,-77.8667198,0,61.7409,0.004,RTK_FIX,0,0,0.0,0.0,0.0,1.941,3.07
2025-03-17 10:10:03,base,34.1521664,-77.8667282,0,65.3827,0.002,DGPS,30,40,0.45,0.87,0.98,0.722,1.137
2025-03-17 10:10:04,rover,34.1521695,-77.8667199,0,61.7409,0.005,RTK_FIX,0,0,0.0,0.0,0.0,1.88,2.955
2025-03-17 10:10:04,base,34.1521668,-77.8667284,0,65.3827,0.004,DGPS,30,40,0.45,0.87,0.98,0.704,1.112
2025-03-17 10:10:05,rover,34.1521698,-77.8667204,0,61.7409,0.005,RTK_FIX,0,0,0.0,0.0,0.0,1.691,2.663
2025-03-17 10:10:05,base,34.1521673,-77.8667285,0,65.3827,0.005,DGPS,30,40,0.45,0.87,0.98,0.687,1.086
2025-03-17 10:10:06,rover,34.1521702,-77.8667206,0,61.7409,0.006,RTK_FIX,0,0,0.0,0.0,0.0,1.622,2.56
2025-03-17 10:10:06,base,34.1521678,-77.8667285,0,65.3827,0.004,DGPS,30,40,0.45,0.88,0.99,0.672,1.064
2025-03-17 10:10:07,rover,34.1521707,-77.8667207,0,61.7409,0.004,RTK_FIX,0,0,0.0,0.0,0.0,1.632,2.581
2025-03-17 10:10:07,base,34.1521682,-77.8667287,0,65.3827,0.01,DGPS,30,40,0.45,0.87,0.98,0.66,1.045
2025-03-17 10:10:08,rover,34.1521717,-77.8667209,0,61.7409,0.007,RTK_FIX,0,0,0.0,0.0,0.0,1.687,2.673
2025-03-17 10:10:08,base,34.1521688,-77.8667287,0,65.3827,0.011,DGPS,29,40,0.46,0.89,1.01,0.649,1.029
2025-03-17 10:10:09,rover,34.1521722,-77.8667209,0,61.7409,0.01,RTK_FIX,0,0,0.0,0.0,0.0,1.675,2.656
2025-03-17 10:10:09,base,34.1521692,-77.8667287,0,65.3827,0.008,DGPS,29,40,0.46,0.89,1.0,0.639,1.015
2025-03-17 10:10:10,rover,34.1521726,-77.8667209,0,61.7409,0.012,RTK_FIX,0,0,0.0,0.0,0.0,1.711,2.716
2025-03-17 10:10:10,base,34.1521697,-77.8667287,0,65.3827,0.004,DGPS,29,40,0.46,0.89,1.0,0.631,1.003
2025-03-17 10:10:11,rover,34.1521731,-77.8667209,0,61.7409,0.006,RTK_FIX,0,0,0.0,0.0,0.0,1.698,2.696
2025-03-17 10:10:11,base,34.1521701,-77.8667286,0,65.3827,0.01,DGPS,29,40,0.46,0.89,1.0,0.624,0.992
2025-03-17 10:10:12,rover,34.1521735,-77.8667209,0,61.7409,0.006,RTK_FIX,0,0,0.0,0.0,0.0,1.772,2.816
2025-03-17 10:10:12,base,34.1521705,-77.8667286,0,65.3827,0.003,DGPS,29,40,0.46,0.89,1.0,0.617,0.98
